Income_Centered,Education,Age,Participation,Support
.0065710032,3.5,23.666666,0,1
.011074998,1.5,42,0,1
.0024240003,4,43,0,1
.0076499963,6,21,0,.5
.010000998,2,33,0,1
.018976999,6,64,0,1
.012900003,5.5,37.5,0,.5
.006392003,2,19,0,0
.011972001,4,17.4,0,.5
.0090729985,5,33.599998,0,0
.0043589976,3.3333333,29,0,1
.013053003,6,37,0,1
.002562,6,23,0,1
.0032850006,5,43,0,.5
.0048719971,3,15.333333,0,1
.016988,5.5,53,0,.5
.0018439975,,8.5,0,1
.0096390005,3,29,0,1
.011452998,2.5,18.333334,0,1
.012044,4,34,0,.5
.016884001,3,23.666666,0,1
.016691001,1,46.5,0,.5
.0018000018,,19,0,1
.018477002,6,11,0,.5
.013495001,4.6666665,22.5,0,1
.0020089995,4.6666665,32,0,1
.0084169982,2,17,0,1
.013059999,6,21,0,.5
.0077590002,3.5,49,0,.5
.0077229985,2,34.5,0,0
.0084470008,3,66,0,.5
.0084470008,3,66,0,.5
.0096799964,3,11.666667,0,1
.010059002,3.5,60,0,0
.011446001,2,15,0,1
.007334,2,15,0,.5
.0093910033,5,45.333332,0,0
.009864999,2,23,0,1
.0038640001,4.5,21.666666,0,1
.0046920017,2,41,0,.5
.015010001,2.6666667,17,0,1
.0027549963,3,20,0,1
.0089250011,6,22.25,0,0
.0036619988,2.3333333,31,0,1
.012351999,1.5,19,0,1
.018666001,4.3333335,35.333332,0,1
.00039199973,4.5,39,0,.5
.0041239993,4.5,39,0,.5
.0050299936,5,13.75,0,1
.014595,3.5,14,0,.5
.018976999,6,31,0,1
.015990006,6,23.142857,0,1
.009993,4.5,14,0,.5
.017837999,4.5,42.5,0,1
.0089690024,3,10.6,0,1
.011469999,6,45.333332,0,1
.014011997,3,39.666668,0,0
.0071519995,3.5,15.2,0,.5
.0097529991,4,26.25,0,1
.010509999,,41,0,1
.0045010024,2.5,22.200001,0,.5
.0065710032,4.5,20.333334,0,.5
.014120997,6,12.5,0,1
.0041449987,6,14.666667,0,1
.010619001,,14.5,0,0
.016215997,3,22.666666,0,1
.015497001,1,32,0,.5
.0069870008,3,56.5,0,1
.013053003,4,60,0,0
.013414997,6,11,0,1
.019719997,5,40,0,.5
.0048719971,3,14.333333,0,1
.018474,5.5,13.333333,0,1
.0087949988,5,54,0,1
.0032020011,3.5,11.25,0,.5
.0075669982,1,30,0,1
.012989001,4,35.5,0,1
.0059499983,4,33.5,0,1
.011462001,4,19.666666,0,1
.016136998,1.5,27.666666,0,1
.0054599964,3,36,0,1
.00034500027,3.6666667,22.142857,0,1
.010811004,2,35,0,0
.0086890021,3,17.75,0,.5
.018427001,6,30.6,0,.5
.011388998,2.5,27.75,0,1
.016441999,3,27,0,.5
.0096710008,5,60,0,1
.014783003,5,30.666666,0,1
.016367005,6,12,0,1
.0049020005,4,13.25,0,.5
.007960001,3,46,0,1
.0046919985,4,37.333332,0,.5
.0094470037,3.5,19,0,.5
.0059819976,4.5,18.4,0,.5
.0091919992,3.3333333,36,0,1
.016032996,2,16,0,.5
.0059609995,4,29,0,1
.014631001,5.5,32.666668,0,1
.0056299968,3,12.666667,0,1
.0054209987,3,51.5,0,1
.0084470008,3,50,0,0
.012815,6,18.714285,0,1
.014448998,4,18.666666,0,1
.0060809986,3,11,0,.5
.003426003,3,21.25,0,1
.014472001,4,29.4,0,.5
.019465001,1,11,0,.5
.0068500065,5.5,40,0,.5
.004145002,4.5,51.333332,0,.5
.0029490017,4,13,0,1
.0097050024,4,18.25,0,1
.017141001,3.3333333,38.400002,0,0
.0028440007,5,56,0,.5
.0001399988,6,18.6,0,1
.01268,4.5,27,0,1
.014108999,6,34.75,0,1
.012978003,1,21.333334,0,1
.0099210013,4.5,29,0,.5
.011530996,5,13.333333,0,1
.019552002,2,15.5,0,0
.015212002,5.5,22.75,0,.5
.0040330016,4.5,49.5,0,.5
.014456998,3,20.75,0,1
.015616001,6,61,0,1
.0051119947,4,29.25,0,0
.0093849991,3,20.5,0,.5
.0017100002,6,21,0,1
.0078109978,6,18,0,.5
.012421,5,38,0,.5
.012776999,4,18.4,0,1
.010389003,4,27,0,1
.018423,5,14.333333,0,1
.017130001,6,20,0,1
.012810999,4,39,0,.5
.0007139977,4.5,66.666664,0,1
.0020190054,3,30.75,0,.5
.013088001,3.5,18.200001,0,1
.011005002,6,16,0,1
.012810999,4,33,0,.5
.0086109992,4,36.5,0,1
.013053003,4,48,0,0
.012693006,6,22.666666,0,.5
.0046920017,2,68,0,0
.010462002,5,32,0,1
.00090900174,4,30.666666,0,.5
.017633,4,16,0,1
.019097002,4.5,21.333334,0,.5
.00060600298,2,28.5,0,1
.017696993,6,14,0,.5
.010105001,3,13,0,1
.0030690008,4.5,41.666668,0,1
.012269999,6,22.75,0,0
.002286999,1,12,0,.5
.002582001,6,11.333333,0,1
.0015039977,4,33.25,0,.5
.018352998,6,57,0,.5
.0080040032,3.5,44,0,1
.0078109978,6,11.5,0,0
.0011860006,6,8.25,0,1
.017305,3.5,16,0,1
.0013500028,3.5,14.5,0,1
.018817002,5,56.5,0,.5
.0008780011,5,33.5,0,.5
.0012559991,6,26,0,.5
.010554002,6,24.200001,0,1
.018976999,6,54,0,1
.011547999,5,29.5,0,1
.0042410027,4,56,0,1
.015268,5,48,0,.5
.012269999,3,35.25,0,1
.0076279966,1,9.1999998,0,1
.018439004,6,39,0,.5
.0083400039,4,18.25,0,.5
.016431006,6,18.333334,0,0
.0037779969,6,21.333334,0,1
.003826001,2,58,0,1
.018244,5,18.666666,0,1
.013414997,6,15,0,1
.0067670001,,68,0,1
.017913001,5,41.333332,0,1
.018917998,6,31,0,.5
.018352998,6,52,0,1
.016246999,6,54.5,0,1
.019719997,5.5,26.333334,0,.5
.011446001,2,15.5,0,.5
.018996002,1.5,21.75,0,1
.0067659938,3.5,42.5,0,0
.0070159985,4.6666665,48,0,.5
.015865998,6,38.666668,0,1
.0086499983,5,36,0,1
.017696993,6,34.666668,0,1
.010519998,1,47,0,1
.013116,6,60,0,1
.0092519997,4,26.25,0,0
.019545997,2,10,0,0
.011731001,3,22.333334,0,1
.0046920017,2,67,0,.5
.0097869989,4,48.666668,0,1
.012843999,1,68,0,1
.0063599967,4,25.6,0,.5
.0023960036,6,28.5,0,1
.0082479995,,55,0,0
.0052280007,2,23.799999,0,.5
.0071159983,3.6666667,21.799999,0,.5
.016322004,4,39.799999,0,.5
.011933998,4.5,30.666666,0,.5
.0084470008,3,46,0,.5
.012882,2.5,21.5,0,0
.0081649972,3.6666667,22.200001,0,.5
.017909,6,15.666667,0,1
.010721998,3.5,30.25,0,1
.016145999,.66666669,40.5,0,1
.014050002,2,22.5,0,.5
.0017100002,6,15,0,.5
.000096001866,4.5,21,0,1
.013077,6,40.5,0,.5
.015396002,3.5,14.666667,0,1
.0046990016,6,14.666667,0,0
.0092560006,3,26,0,1
.0042529982,3,64,0,0
.0017100002,6,30,0,1
.0045259977,3.6666667,31.75,0,1
.015979001,3.5,67.5,0,1
.015268,5,33,0,.5
.0049709999,4,11.625,0,1
.0080900071,6,35.5,0,1
.017706001,3.5,16.799999,0,1
.017495999,6,20.6,0,1
.019506002,5.5,71.5,0,1
.018418001,4.6666665,20.285715,0,.5
.019796999,3,12.333333,0,1
.0012009989,6,18.285715,0,1
.001110001,4.5,58,0,1
.010068002,5,21,0,0
.010783998,4,56.5,0,1
.014050002,4,34,0,0
.0051790015,3.6666667,40.75,0,.5
.00069200108,1,62,0,1
.015029998,4,40,0,1
.014739002,4,21,0,0
.0040119989,1,9.5,0,1
.010458994,4,51.333332,0,1
.0092560006,1,23.75,0,.5
.010264998,6,13.5,0,1
.0093849991,3,32,0,.5
.0057289982,4.5,15.6,0,1
.0051590004,5.3333335,19.25,0,.5
.010363,3,10.75,0,0
.0028920011,6,23.5,0,1
.0046379967,3,12.666667,0,.5
.0057740016,6,14.333333,0,1
.018611999,2,59,0,1
.006939,5,22.75,0,1
.0067680017,2,19,0,1
.014865997,1,14.75,0,.5
.0057389983,2.5,21.75,0,1
.0037530013,4.5,39.5,0,.5
.0023969992,6,14.5,0,1
.018976999,0,21,0,1
.0081749987,2,33,0,.5
.0084470008,3,25,0,.5
.018609999,4.5,34,0,0
.018597001,2,68,0,1
.0007829988,1,11.2,0,1
.0023009987,6,28,0,1
.0092889974,5,21.333334,0,1
.015268,5,61,0,1
.010589997,3,30,0,1
.016962999,6,20.333334,0,1
.0018630011,3.5,60,0,1
.017503003,4,24.666666,0,1
.013137998,6,11.5,0,1
.014120997,6,17.5,0,1
.018636001,3.5,38.666668,0,1
.011059004,2,11.666667,0,1
.0037530013,3,25.5,0,.5
.0031660073,4,23,0,1
.016843,2,14.333333,0,1
.0054369969,4.6666665,32.25,0,.5
.0033729982,3.5,33,0,1
.0078030033,6,16,0,1
.013437001,3.6666667,36,0,1
.012013006,6,29.75,0,1
.013639997,6,27,0,.5
.019036001,5,22.5,0,0
.0084470008,3,55,0,1
.0088060005,4.5,16.666666,0,.5
.013615997,1,54,0,1
.014410998,3,16.666666,0,.5
.0058509992,1.5,45.5,0,1
.018809998,5,14.5,0,1
.015952999,4.5,51,0,0
.0069239982,6,22.333334,0,1
.002348999,2.6666667,15.666667,0,.5
.0025609981,3,10,0,1
.0037830048,1,13,0,.5
.00010399634,4.3333335,32.400002,0,1
.0037779969,1,16.666666,0,1
.00051699689,6,14,0,.5
.0043529971,5.5,17.5,0,0
.0080370037,3,25,0,1
.018352998,6,32,0,1
.017170997,3,16.333334,0,1
.014241001,2.5,10.857142,0,1
.0096130008,4,28.4,0,1
.015040999,5,27,0,.5
.012116003,2,11,0,1
.015616001,6,60,0,0
.0017550015,2.5,60.5,0,.5
.010831998,4.5,41.799999,0,1
.006583997,,32,0,1
.0017100002,6,34,0,1
.017357999,4,18,0,1
.015616001,6,40,0,.5
.012285995,0,29.5,0,.5
.0083469981,6,69,0,.5
.0046920017,2,59,0,0
.00069200108,1,65,0,.5
.015268,5,56,0,0
.0019289986,5,31.714285,0,.5
.010209998,3.6666667,24.799999,0,.5
.0059959986,4,56,0,1
.016246999,3,43,0,1
.0093610007,4.6666665,46.333332,0,1
.012347,3,40.666668,0,0
.016312001,2,27.5,0,1
.018117001,2,19,0,1
.00058800221,5.5,25,0,1
.007464001,1,22,0,.5
.015578003,6,19,0,.5
.0095639993,2,70,0,1
.0069950027,3,68,0,1
.0061760033,5,48.333332,0,.5
.017513001,4.5,49.5,0,1
.013975996,5,12.666667,0,1
.013615997,1,47,0,1
.0079970015,6,30.666666,0,1
.016694,2.3333333,42.666668,0,.5
.015430002,3,45.666668,0,1
.01197,4,54,0,1
.017836997,3,58.5,0,1
.01089,4,32.5,0,0
.0046920017,2,45,0,1
.0014710003,4.6666665,19.571428,0,1
.0069239982,6,56.333332,0,0
.014555001,6,12.666667,0,.5
.0019379987,3.7142856,41.142857,0,.5
.0028460037,4.5,55.5,0,1
.015970001,4.5,52.5,0,1
.015616001,6,60,0,1
.019552002,2,9,0,1
.0084470008,3,67,0,1
.013116,6,54,0,.5
.0028140009,4,21,0,.5
.0049600033,6,17.666666,0,1
.0074850032,3.6666667,35.666668,0,1
.012847999,3,31.5,0,.5
.012843999,1,67,0,1
.018726001,6,52.333332,0,1
.017119,4,45.5,0,0
.015616001,6,58,0,.5
.018597001,2,54,0,1
.018611999,2,69,0,1
.017069997,2.3333333,26.25,0,.5
.013015999,2,28.5,0,.5
.01197,4,60,0,.5
.012944997,5.3333335,36.799999,0,1
.00049299857,4,36.333332,0,1
.0080900071,6,39,0,1
.011203998,3.5,14,0,.5
.0063219992,6,16.25,0,0
.0078030033,6,16,0,0
.018722998,3,31.666666,0,.5
.0059460015,5,14.875,0,.5
.016655,3,21.666666,0,1
.0083469981,,51,0,1
.018352998,6,61,0,.5
.0019679989,2.5,26.6,0,.5
.018864999,3,14.2,0,1
.0084470008,3,67,0,1
.0004750067,2.75,21.222221,0,1
.019034,3.5,25.4,0,1
.0029030018,4,32.5,0,1
.011897997,4.25,34,0,1
.010811004,6,20.5,0,1
.013489001,,7.5,0,1
.0093409969,3,16,0,1
.015011999,4,15,0,1
.000337003,4,36,0,1
.019839996,3.75,34.75,0,1
.0056899996,2,18.5,0,1
.0050150016,4,64,0,0
.014661002,6,16.666666,0,1
.0067680054,2.5,16.333334,0,1
.016268002,6,27,0,1
.016655,3,21.666666,0,1
.0059189969,6,28.333334,0,1
.00072899699,3,22,0,.5
.017057998,4,40,0,.5
.0069870008,3,45,0,1
.018173998,3.5,14.5,0,.5
.0067179976,4,24,0,1
.018352998,6,44,0,1
.018352998,6,33,0,1
.0049049989,6,14.6,0,1
.0014340007,3,64,0,1
.0046920017,2,58,0,1
.013902002,3,20.5,0,.5
.0070780003,5.5,22,0,1
.017130001,6,60,0,0
.015578003,6,46.5,0,1
.0096810041,2,12.8,0,1
.015093999,2,65,0,.5
.0046479986,1,33.333332,0,0
.011318,1.5,36,0,.5
.018976999,6,27,0,0
.013702,4.5,31.4,0,1
.0086010005,4.5,34.5,0,1
.0061699995,6,22.333334,0,1
.00202,6,26.75,0,1
.0057549984,6,44,0,.5
.011492001,2.6666667,53,0,1
.018567996,3,16.666666,0,.5
.012588998,3,30,0,1
.01039,4.6666665,29.200001,0,0
.006500999,2,28,0,1
.016940998,4,28,0,1
.018427001,3,38.5,0,1
.011271003,6,20,0,.5
.018976999,6,26,0,1
.013615997,1,65,0,.5
.0066369944,6,14.333333,0,1
.018352998,6,56,0,.5
.015497001,1,32,0,.5
.0093849991,3,64,0,1
.015794994,4.5,28.6,0,1
.0064580012,6,28,0,1
.0050150016,4,64,0,.5
.016932001,5.5,23.25,0,0
.001110001,4.5,57.5,0,1
.0023009987,6,55,0,0
.019892002,6,19.5,0,.5
.019602003,5,30,0,1
.010541999,4.75,31.799999,0,.5
.013459,2,12.333333,0,1
.0012160002,3,27.333334,0,1
.0041250018,5,18.666666,0,.5
.018703999,4,15.666667,0,0
.0043469975,4,25.75,0,.5
.018352998,6,33,0,1
.0048960024,3,21,0,1
.0054780031,4.5,14,0,1
.011143999,3.5,45.5,0,0
.018342001,4.75,39.5,0,1
.0056080008,4.3333335,18,0,.5
.017714998,.66666669,24.428572,0,.5
.0080060009,6,18,0,1
.0017410021,3.5,25.333334,0,1
.00060900161,4.5,39.333332,0,0
.0066079972,1,27.5,0,1
.0057450039,4,7,0,0
.0089009982,3,19.666666,0,0
.0093099978,3,28,0,1
.0093259988,6,18.75,0,1
.0078260032,6,10.5,0,0
.0025969979,2,55,0,.5
.015341001,3.6666667,28.25,0,.5
.0061630039,5,22.5,0,.5
.0014099949,3.3333333,27.285715,0,.5
.015391999,1.5,17,0,1
.00045999998,5,36,0,1
.012116003,2,11.5,0,1
.011045002,4,26.5,0,.5
.018477002,6,10.5,0,.5
.015785998,4.8000002,27.428572,0,1
.012337998,6,33,0,.5
.0049129976,3.5,25.5,0,.5
.019552002,2,24,0,1
.016578997,6,27.5,0,1
.0070939981,2.3333333,18.799999,0,1
.0032850006,4,51.333332,0,1
.0020439983,3,31,0,.5
.00086899957,3,37,0,.5
.0048719971,3,19.666666,0,1
.011655006,4.5,27,0,1
.0023009987,0,57,0,1
.011766003,3,19,0,1
.007329999,3,33.666668,0,1
.01197,4,52,0,1
.001310999,4.6666665,27.4,0,.5
.017709998,3,64,0,.5
.014617997,4,22,0,0
.0064580012,4,64,0,0
.013448001,6,48.5,0,1
.0023629975,6,13.666667,0,.5
.0078030033,6,12.5,0,0
.016655,3,21.666666,0,1
.0012559991,6,22,0,1
.0080370037,4,55,0,.5
.017513001,3.5,27.75,0,1
.012987001,1,35,0,0
.013590003,2,13.142858,0,1
.0031709995,4,23.5,0,1
.0023960036,6,14.5,0,.5
.015061,5,50,0,1
.0018550034,4,32.200001,0,1
.00021900097,5,30,0,1
.015804002,2.5,27.5,0,1
.013095999,5.3333335,25.4,0,.5
.0082479995,,62,0,1
.017289,4.6666665,18.714285,0,1
.0060630017,6,23.333334,0,.5
.0044759968,4,20.666666,0,.5
.0087830005,3.6666667,29.799999,0,.5
.013414997,6,15,0,1
.018759998,6,37.25,0,0
.010624001,5,59,0,1
.011233005,3,18.5,0,1
.017709998,3,61,0,.5
.0021789991,4,30.75,0,1
.014116007,4,16.166666,0,.5
.015036,5.5,26.666666,0,.5
.010835001,4,40,0,.5
.018352998,6,68,0,.5
.015805,6,30,0,1
.010307002,2,57,0,1
.0049270005,4.5,32.200001,0,.5
.018439004,6,29.5,0,1
.0069419988,5.6666665,20.875,0,0
.016930001,6,35,0,.5
.0059609995,2,19,0,1
.00069200108,1,69,0,1
.00031699479,6,24.5,0,1
.011084001,3.5,33.666668,0,1
.0095320074,6,26,0,.5
.0055799992,6,27,0,0
.017836997,5,33,0,.5
.01505,2,27.5,0,1
.0060559982,6,27,0,0
.018809998,5,26,0,.5
.016441999,6,47.666668,0,.5
.014812999,4.25,37,0,1
.0061849975,4,30.333334,0,1
.012118998,2,15.666667,0,1
.012296,1,48,0,1
.0064689983,3,63,0,1
.017062994,1,11.333333,0,1
.013448001,6,32.5,0,1
.010482999,4,35.75,0,1
.0064260019,2,11,0,1
.01197,4,63,0,1
.010998001,5,25.333334,0,.5
.0051770015,5,19.666666,0,1
.0084470008,3,61,0,1
.015268,5,58,0,1
.0034950029,4,21,0,1
.014827,2,37.666668,0,.5
.00041400129,2,26.333334,0,1
.013412002,5.6666665,33.25,0,1
.017858999,6,22,0,1
.013459998,2,26.666666,0,1
.0067670001,,32,0,0
.012390999,4,16.799999,0,1
.012286003,4,26.5,0,1
.0045899996,3,33,0,1
.018315,4,16.75,0,1
.017096998,6,15.875,0,1
.0083469981,,72,0,0
.019545997,2,12.5,0,.5
.017961001,4,19.200001,0,1
.012698,4,26.75,0,0
.011521998,6,20.666666,0,.5
.0071370029,2.6666667,17,0,1
.014943997,5,51,0,.5
.015371999,6,14,0,.5
.01197,4,52,0,1
.014581,2,34,0,.5
.016264999,3.5,19.799999,0,.5
.0018270039,6,18.75,0,1
.010905,1,22,0,1
.018352998,6,43,0,1
.010468,,61,0,.5
.0062800003,2,20.5,0,.5
.0095669953,6,33.75,0,1
.0012699985,6,18.75,0,1
.017493999,3,52,0,.5
.016012,3.5,48,0,1
.017620998,5.1999998,25.222221,0,1
.017836997,5,36.5,0,1
.0059139961,4.5,26,0,.5
.014506997,3,19.333334,0,1
.0098519977,3,22.666666,0,1
.017716998,5,23.666666,0,1
.009937006,2.25,27.799999,0,1
.0023009987,6,59,0,1
.0092289997,5.5,19.25,0,1
.012467996,6,28.25,0,1
.0078109978,6,14,0,1
.018649997,4.5,27.5,0,1
.0029020023,5,22.5,0,1
.0063219992,6,17,0,1
.00019399654,6,10.428572,0,1
.0083469981,,66,0,1
.0044059926,3.3333333,53.75,0,1
.017975999,3,59,0,1
.014319001,6,21.666666,0,1
.015616001,6,27,0,.5
.00051699689,6,11,0,1
.014411005,4,31.200001,0,.5
.018809998,5,32.5,0,1
.00090900174,5.5,27,0,0
.018604996,4,13,0,.5
.005801999,6,25,0,.5
.015616001,6,53,0,.5
.009949998,5,23.666666,0,1
.018552,4,66,0,.5
.017014997,6,44.666668,0,.5
.0077219927,1,23.5,0,.5
.0084470008,3,52,0,0
.0076760007,1,22.666666,0,.5
.015516001,3.5,15.333333,0,.5
.013902002,3,53.5,0,1
.0022810013,4,16.5,0,1
.017924996,2,13.333333,0,.5
.0043990002,5.5,19.375,0,1
.017709998,3,57,0,1
.018352998,6,25,0,1
.017863,3,36.5,0,1
.0039069979,6,16,0,.5
.002802999,4.5,22,0,.5
.014523002,4,32,0,.5
.013398999,2.5,46.333332,0,1
.011043,1,17.666666,0,.5
.015616001,6,48,0,.5
.0044759968,5,32.333332,0,.5
.018352998,6,51,0,.5
.018976999,6,23,0,1
.014011997,4.5,41.666668,0,1
.011235001,1,64,0,1
.018976999,6,43,0,1
.00016800174,3,27,0,1
.007559998,2,24,0,0
.010560998,4.5,22.166666,0,1
.0073400019,3,30,0,1
.011059004,4,12.5,0,0
.0041960017,1.5,30.666666,0,1
.0084630009,3,39,0,1
.018804999,2,20.5,0,.5
.0020959999,2,12.166667,0,1
.016943002,3,23.666666,0,0
.016563,4,13,0,1
.0064580012,6,36.5,0,1
.0021370002,4,33,0,.5
.0049150009,4.5,13.3,0,1
.0080520008,5,28.799999,0,1
.0027740025,5,25.333334,0,1
.010397,5,20.333334,0,1
.0023040012,4,16,0,1
.019705998,3,16.555555,0,1
.0092379982,3.5,21.666666,0,.5
.016442003,6,19.200001,0,1
.014431003,6,18.75,0,1
.017544998,,64,0,1
.0031580015,4.3333335,27.25,0,.5
.013413,4,21,0,.5
.0096390005,5,23.5,0,.5
.0076710009,6,21,0,.5
.00046399474,5,45,0,.5
.011580997,6,17.799999,0,1
.0039069979,6,11,0,0
.0078290012,4,46.5,0,.5
.018611999,2,48,0,0
.012612003,2,12,0,1
.0069849966,3,10.5,0,0
.017582001,2.6666667,31.799999,0,1
.011561,3.5,22.666666,0,1
.0016670029,4,36.666668,0,0
.0083059995,3,25.714285,0,1
.0017559987,4.5,22.5,0,.5
.012646,3,28.25,0,1
.010011999,2,40.5,0,1
.0057019992,6,14.333333,0,.5
.017328,,60,0,1
.0095229978,3.5,44.666668,0,1
.0039169961,4,19.25,0,1
.018611999,2,41,0,1
.015717002,3,27.5,0,1
.01863,2.5,26.25,0,.5
.0031089992,2,19,0,.5
.010725001,5.5,34.333332,0,.5
.010546999,3,14.666667,0,1
.0018859964,,65,0,1
.010462002,5,64,0,.5
.011856996,4.5,34,0,.5
.0030020014,4,20.25,0,0
.015616001,6,52,0,1
.0095470008,3.3333333,24,0,0
.0061450014,3,45.333332,0,0
.018352998,6,23,0,1
.015115003,4,17,0,0
.0086770011,3.5,14.5,0,1
.016420001,3.5,46.5,0,1
.0022230011,4.5,20.5,0,.5
.0084470008,3,69,0,.5
.0044759968,2,16.666666,0,1
.01505,6,27,0,1
.0067670001,,27,0,1
.0058229966,2.5,18,0,1
.017588006,6,10,0,.5
.010895001,4,60,0,.5
.014050002,2,15.5,0,.5
.011900003,1,14,0,.5
.018816998,6,24,0,0
.0029030018,4,21,0,.5
.0077510052,5,33.200001,0,0
.0059609995,2,31.5,0,1
.0079970015,6,23.333334,0,1
.0048699984,4.3333335,28.5,0,.5
.017863,3,39,0,1
.0050150016,4,58,0,0
.0084470008,3,48,0,1
.010287005,6,28.5,0,0
.0093849991,3,52,0,1
.018140001,6,50,0,0
.0017239996,4,32,0,.5
.0036399984,2.5,46,0,1
.013321,3.5,21.666666,0,1
.00058700005,3.5,39.5,0,1
.0096390005,3,26,0,.5
.014050002,2,27,0,.5
.0091249999,6,25.5,0,1
.019719997,4,20.333334,0,.5
.0162,3,19,0,0
.018264001,,43.5,0,1
.00090199965,6,20,0,1
.0020570036,4.75,25.666666,0,1
.0046920017,2,65,0,1
.011897997,4.25,34,0,1
.012314999,1.5,43.5,0,.5
.0017590027,3,24.666666,0,1
.018189998,3,64,0,0
.016409999,4.5,35.666668,0,1
.0052359984,4.5,23,0,.5
.015676001,3,15.333333,0,1
.019084001,4,21,0,0
.017975999,3,55,0,1
.0081700021,4,27.5,0,0
.0059609995,5,41,0,1
.00011599303,5.3333335,29.200001,0,1
.0041670008,6,29.5,0,0
.010195005,6,13.5,0,1
.0068300017,6,12,0,1
.017263999,3,35.666668,0,1
.012136,6,12.5,0,1
.011521998,6,10,0,1
.019723998,6,41.5,0,.5
.019227,6,27.333334,0,.5
.00061399746,4,59.5,0,1
.014229001,6,12,0,.5
.018391998,3,19,0,1
.00014499688,4.5,30.799999,0,1
.0023009987,6,49,0,1
.00049100327,6,11,0,.5
.0088059995,4,66,0,1
.0081700021,4,55,0,.5
.0059510008,6,29.5,0,1
.0041759992,4,23,0,.5
.0023629975,6,21.333334,0,.5
.001630994,4,24.333334,0,1
.018597001,2,56,0,1
.0086639989,2.6666667,44.5,0,1
.01197,4,60,0,.5
.013664001,,13.833333,0,.5
.013546999,1,12,0,.5
.005663001,5,46.5,0,0
.0064689983,3,50,0,1
.0084470008,3,56,0,1
.015025997,4.5,32.75,0,.5
.0020099964,4,39,0,.5
.017293001,6,21,0,.5
.012152998,1,8.333333,0,.5
.012337998,3.5,25,0,1
.0073879985,3,24.6,0,1
.0088460026,1,12,0,1
.0053029982,6,18.666666,0,0
.016420001,3.5,37,0,1
.017709998,3,69,0,0
.011318,3,69.5,0,0
.0018100019,3,16.666666,0,.5
.011332999,6,32,0,1
.013080004,5.5,29.666666,0,1
.0023009987,6,38,0,1
.00042099762,5,27.4,0,1
.0061630039,2,20.75,0,.5
.018352998,6,39,0,1
.0096390005,5,26.5,0,.5
.018352998,6,58,0,.5
.011705997,6,22.5,0,.5
.015616001,6,63,0,1
.016968997,4,27.666666,0,.5
.00027600187,5,29.5,0,.5
.0080320025,3.8333333,39.166668,0,.5
.0088830013,3.5,15.25,0,1
.014818001,5,12,0,1
.0069950027,3,46,0,.5
.013679001,3.5,54,0,1
.012421,2.5,17.5,0,1
.0057899975,4.25,22.857143,0,1
.0048719971,3,17,0,1
.0022050017,3,45.400002,0,0
.0038120027,5.3333335,46.666668,0,0
.0069870008,3,32.5,0,.5
.0093849991,4.5,25.5,0,.5
.014823007,4.5,24.5,0,1
.014631001,3,17,0,1
.0076640011,6,45,0,1
.019227,1.5,25.5,0,.5
.014941993,5.5,25.75,0,1
.0075799995,6,38.5,0,1
.009430998,3.3333333,26.4,0,1
-.0036219931,6,21.333334,1,1
-.0021700028,5,18.5,1,1
-.013947998,6,19.666666,1,1
-.0083849998,4.5,47.5,1,1
-.00033600049,1,8.6000004,1,0
-.017950004,5.3333335,34.666668,1,1
-.018364003,6,24.333334,1,1
-.0021240017,6,56,1,.5
-.015574996,6,21,1,1
-.0012100018,4.5,20.5,1,1
-.012451002,6,21,1,1
-.016328001,6,15.333333,1,.5
-.013154997,1,62,1,1
-.013411996,3,21.666666,1,1
-.0095749991,4,11.25,1,1
-.0077230008,2.3333333,32.75,1,1
-.0015050012,4,31,1,.5
-.010976997,1,23,1,.5
-.0027469981,6,30.5,1,1
-.0018499992,5,49,1,1
-.017804002,3.5,18.75,1,.5
-.011490998,2,31.799999,1,.5
-.019463001,2,18,1,1
-.0065219975,6,39,1,1
-.0036219931,6,15.666667,1,1
-.019337004,5,13,1,1
-.004476001,6,60,1,.5
-.015334,2,12.5,1,0
-.017194001,6,23,1,1
-.013542001,4,23,1,1
-.015130004,6,49.5,1,1
-.015574996,6,13.333333,1,.5
-.010350002,1,12,1,0
-.004171995,2.5,24,1,.5
-.010545,3,36,1,1
-.019239997,2.6666667,32,1,1
-.012803,4,36.333332,1,.5
-.0083870012,4.5,22.666666,1,.5
-.00046599822,1,19,1,1
-.018898001,5.5,59,1,1
-.018337002,,9,1,.5
-.0086680036,3,28,1,0
-.0027660031,6,54,1,.5
-.0080789989,2,12,1,1
-.011590002,4,59.5,1,1
-.0080639999,,38,1,1
-.013636997,4.6666665,33,1,1
-.010094997,5,20,1,1
-.010659998,4.5,38,1,1
-.0018650009,3,16.5,1,1
-.015385001,6,25,1,1
-.010755,3,21.333334,1,.5
-.0019300033,6,16.166666,1,1
-.011136998,5.3333335,28.75,1,0
-.0029409952,4,11,1,1
-.010840994,3.3333333,32.25,1,.5
-.0098520042,3,24.799999,1,.5
-.019213004,6,25.5,1,1
-.001864997,4,33,1,1
-.0078150006,6,19,1,.5
-.014763003,4,26.125,1,.5
-.014669997,4,21.333334,1,1
-.017904,6,17.333334,1,0
-.0035600006,,54,1,1
-.012325002,4.875,16.722221,1,.5
-.0018499992,5,68,1,1
-.0043029999,4,27,1,1
-.010203997,1,17,1,.5
-.010937003,3,61,1,1
-.017104996,4.5,38,1,1
-.0033720036,1,12.333333,1,1
-.017659998,3.5,24,1,1
-.0010659969,6,18,1,1
-.014043001,2,67,1,1
-.0059519983,2,13,1,1
-.0030440006,3.5,29.666666,1,1
-.011245003,6,27,1,1
-.0040419986,3.6666667,55,1,0
-.014282,5,25.75,1,1
-.017052,4,19,1,1
-.014566001,2.5,16.666666,1,1
-.0067529953,4,25.333334,1,.5
-.0050579971,3,19,1,1
-.018784,4.5,34.25,1,1
-.014599002,6,23.666666,1,1
-.013368002,5,25,1,1
-.015574996,2,24.666666,1,1
-.018395996,3,12.5,1,.5
-.016582003,3,21.5,1,.5
-.0015670038,2.5,17.799999,1,1
-.017065002,3,32.333332,1,1
-.0068160011,4.5,27.5,1,.5
-.011257997,,16,1,1
-.0031249984,1,28.5,1,1
-.0062600016,4,31,1,1
-.018291002,2.5,13.333333,1,1
-.015847003,,62.5,1,1
-.018205998,6,26.333334,1,0
-.012930003,4.5,26.75,1,.5
-.011590002,6,25.5,1,1
-.0021240017,2,23,1,1
-.006097001,3,36,1,1
-.015891997,2,68,1,1
-.014853997,1.5,21.5,1,1
-.0096249999,6,23.75,1,1
-.0075649964,6,26.333334,1,0
-.015714003,6,14,1,.5
-.012513002,3.25,28,1,1
-.010494,2,8.333333,1,1
-.010055003,3,21.25,1,1
-.0039660009,6,21,1,1
-.017052,4,9.666667,1,1
-.015214002,6,18,1,1
-.0045080013,6,17.333334,1,1
-.013865999,4.5,32.333332,1,1
-.013132003,3.5,17,1,1
-.019104002,5.5,15.5,1,.5
-.010781998,6,15.333333,1,0
-.0053289956,.5,15,1,1
-.019846996,,67,1,1
-.0024300008,6,31,1,.5
-.0065880036,2,14,1,.5
-.0083849998,4.5,24,1,0
-.0088630002,4.5,64,1,1
-.018903999,4.6666665,31.5,1,1
-.0023940033,0,17,1,1
-.014360999,1,34.666668,1,1
-.001297002,4,28.666666,1,1
-.015385001,6,34.5,1,1
-.010159998,6,12.666667,1,.5
-.0036060004,5.6666665,42,1,1
-.018931998,4.6666665,42,1,1
-.015711999,3,28.666666,1,.5
-.010764,4.5,42.666668,1,1
-.014466002,4,12.75,1,1
-.006438998,1,11.25,1,1
-.0032289985,5.5,35,1,1
-.014728999,6,31.75,1,1
-.0054149972,4.5,48.333332,1,1
-.011078002,,69,1,1
-.012010005,6,17,1,1
-.0037079989,3,35.75,1,.5
-.012228004,6,26.833334,1,1
-.0023079938,5,17.5,1,.5
-.016217997,3,67.5,1,1
-.0099749984,4.5,27,1,1
-.0060660071,5.5,28,1,1
-.0040630004,5.5,21,1,1
-.015795996,3,34,1,0
-.0075070029,6,12.4,1,1
-.0084539969,,54,1,1
-.013542001,2.5,17.333334,1,.5
-.017514,3,49,1,1
-.0086219972,3.5,42,1,1
-.017633004,5,16.25,1,1
-.019380001,3,20.5,1,1
-.016187003,3.5,17.857143,1,1
-.0027030024,3,18.75,1,1
-.0043040006,5.5,65.5,1,1
-.017174004,2,12.25,1,1
-.0018470003,4,15.4,1,1
-.012386998,5,50,1,1
-.0020140014,4.3333335,44,1,1
-.0066260002,2,21,1,1
-.0011999996,6,43,1,1
-.012839003,3,13.25,1,1
-.0062600016,4,59,1,1
-.0097189965,4.5,19,1,1
-.017938999,3,19.333334,1,1
-.015891997,2,52,1,1
-.0031070027,6,30.666666,1,.5
-.0043719979,5,44,1,1
-.0057769991,1,32,1,.5
-.014599002,6,22.666666,1,1
-.0091659995,4.5,13.428572,1,1
-.010955004,4,33.333332,1,1
-.011913997,6,20,1,1
-.00046799844,6,34.5,1,1
-.0046809977,6,23.833334,1,1
-.007391003,5,10.5,1,1
-.0021240017,6,47,1,1
-.019173002,2,14,1,1
-.0011609993,4.5,13.666667,1,1
-.014599002,4,33.333332,1,1
-.0099569988,2.5,21,1,1
-.0086069973,3,12.2,1,1
-.0013210017,5,24,1,.5
-.0016369985,6,36.25,1,.5
-.0010419998,2,21.666666,1,1
-.019384002,5,42,1,.5
-.018872997,4,34.599998,1,1
-.0035930027,3,23.75,1,1
-.0021240017,6,24,1,1
-.016304998,4.5,17.4,1,.5
-.017977996,4.5,18.25,1,1
-.0075030006,2,20.666666,1,1
-.013120999,2,39.5,1,1
-.011396003,4.5,16.666666,1,1
-.0068160011,3,21.75,1,1
-.0098369997,4,45.200001,1,0
-.015130004,6,27,1,1
-.0062720021,5.5,19.571428,1,.5
-.0021240017,2,27,1,1
-.0060220035,3.5,23,1,1
-.0044619981,6,15.333333,1,1
-.0016939987,6,29.200001,1,1
-.0035909999,3,47.333332,1,1
-.017104996,5,19,1,.5
-.0024889994,,7.5,1,1
-.0040539927,4,16,1,1
-.019846996,,64,1,1
-.01527,3,14,1,.5
-.019383004,6,13.333333,1,1
-.0047919988,5,32,1,.5
-.0030539993,3.5,14.5,1,1
-.0092079993,5.3333335,32,1,1
-.015454997,4,16,1,1
-.019813998,3,28.333334,1,1
-.0075649964,6,36.333332,1,0
-.0066550015,3.6666667,50.666668,1,0
-.00040900128,2,36,1,.5
-.0043029999,4,26,1,1
-.014634004,4,38,1,0
-.0035600006,,45,1,1
-.0083720004,4.5,30.333334,1,1
-.019603996,1,12,1,1
-.0027080004,4.5,17.25,1,1
-.012166997,0,20,1,1
-.0084309997,5.5,41.333332,1,1
-.0072530033,4.5,23.666666,1,1
-.011610997,6,24.799999,1,.5
-.0040270006,1.5,16.333334,1,1
-.010264006,4.5,17.799999,1,1
-.013565999,6,21.5,1,1
-.0012720018,6,28,1,1
-.0088380035,4,9,1,1
-.015418002,1,31.5,1,1
-.010076999,5,38.5,1,1
-.0045630015,2,18.5,1,1
-.017750999,5,25,1,1
-.010282001,6,10.2,1,1
-.0021240017,6,17.5,1,1
-.0035930027,3.5,31.5,1,1
-.014566001,3,14.333333,1,1
-.012388003,6,22.200001,1,.5
-.019404998,4.5,17.333334,1,1
-.016260004,4,30.666666,1,1
-.017415,3.5,23,1,1
-.0012220009,5,32,1,0
-.018008998,6,35.333332,1,1
-.0010460007,4.6666665,35.333332,1,1
-.018782003,5,25.5,1,1
-.013638003,4,13.666667,1,1
-.0049490007,6,17.833334,1,1
-.0040120007,4,17,1,1
-.015490001,6,17,1,0
-.0093789967,2,14.5,1,1
-.0010289974,4,27.5,1,.5
-.011961003,5,37.333332,1,1
-.0050020013,4,18.4,1,1
-.0062289974,6,39.5,1,.5
-.014076998,5,24,1,1
-.019365994,4.5,38.666668,1,1
-.0086320033,2.5,34.5,1,1
-.0099979993,3.5,28,1,1
-.012965997,4,30.799999,1,1
-.0076119988,4.5,22,1,1
-.010226002,3,24.75,1,1
-.0061269975,5,17,1,.5
-.0012689966,3,11,1,1
-.007832,3,13.333333,1,1
-.0028950025,1.5,30,1,.5
-.0055959946,6,39,1,1
-.0011710054,0,16.5,1,1
-.013520999,2.5,15,1,1
-.018017998,6,29,1,.5
-.012726006,5,17.666666,1,1
-.010976997,,9.5,1,.5
-.018398,5,22,1,1
-.0068749986,5,61,1,1
-.010500995,6,21.5,1,1
-.0027469981,6,21.5,1,1
-.013218997,3,21.333334,1,1
-.002438003,6,48,1,.5
-.0019910014,5,23.25,1,1
-.017989999,5.3333335,32.200001,1,1
-.0040449994,2,16,1,.5
-.0055039986,4.5,37.333332,1,.5
-.018292008,2,19.5,1,1
-.00069299829,1,18.5,1,1
-.001700995,3.75,25.666666,1,1
-.010269999,4,37.333332,1,1
-.0038410027,2,25.666666,1,1
-.017680002,2.3333333,44.666668,1,.5
-.016257001,2.5,21,1,1
-.0021240017,6,55.5,1,1
-.0012530002,3,15,1,1
-.0049910001,5,15.5,1,.5
-.012419998,4.5,14.333333,1,.5
-.0068749986,5,19.5,1,1
-.015546998,6,14,1,1
-.017221002,6,17,1,1
-.0049829977,6,22,1,.5
-.016582003,5,33.5,1,1
-.0023940033,6,44.5,1,1
-.0084539969,,55,1,1
-.0063599995,0,32.666668,1,1
-.0090820016,6,18.75,1,.5
-.0069100014,4,17.666666,1,1
-.018448999,4,18,1,1
-.0066409977,4,27,1,1
-.019340003,4.5,19.666666,1,1
-.015336997,2,29.5,1,.5
-.0050550005,4.5,20.666666,1,.5
-.015954001,1,23.333334,1,1
-.0030980024,3.5,16.25,1,.5
-.0096400054,2.4000001,30.6,1,1
-.006566002,3,13.333333,1,1
-.00099999947,5,16,1,1
-.0030629982,4.5,19.5,1,1
-.0066489996,4.5,28.5,1,1
-.0027880012,5,43.5,1,1
-.012078,5.5,39.333332,1,.5
-.0041379975,2,19.666666,1,1
-.016593998,2.5,15.666667,1,1
-.0011999996,6,52,1,1
-.0079290038,4.5,35.200001,1,1
-.0035600006,,53,1,1
-.0052890005,4.25,47.25,1,0
-.014599002,6,24.666666,1,.5
-.0063690012,1.6666666,19.142857,1,1
-.0068900003,5,27.166666,1,1
-.0068649999,2.5,23.666666,1,.5
-.010937003,3,57,1,1
-.014919003,4.5,29,1,1
-.011778997,4,47,1,1
-.0073840013,6,22.666666,1,1
-.0062940037,1,32,1,.5
-.018242,6,14,1,.5
-.015130004,6,39,1,1
-.009744999,2,15.666667,1,1
-.013391002,3,18,1,1
-.017022999,5,21.25,1,1
-.0018900014,3,21.5,1,0
-.0085839992,0,15.8,1,.5
-.0050559989,6,25.5,1,1
-.017938999,5.5,40,1,1
-.0023920066,2,21,1,1
-.0069880029,6,26,1,1
-.0052880021,4,19.142857,1,1
-.010937003,3,63,1,1
-.00088600576,2.5,44.333332,1,.5
-.014599002,6,20.333334,1,1
-.016414998,6,8.666667,1,1
-.015891997,2,64,1,1
-.0068160011,4,10.666667,1,.5
-.0080789989,2,16,1,1
-.012404007,6,11.25,1,1
-.0063430015,5,59,1,1
-.0046299966,5.5,26.333334,1,1
-.0086079976,2,19.333334,1,1
-.018168001,2.5,36.333332,1,1
-.0015720029,6,36,1,1
-.014988,2.5,23,1,1
-.014235003,3.5,27.200001,1,1
-.019540997,6,41.666668,1,1
-.014342001,6,26,1,0
-.013884005,5,14.8,1,1
-.0021240017,6,29,1,1
-.019846996,,57,1,1
-.0080789989,2,11,1,1
-.0065010032,2.3333333,32.400002,1,1
-.0030520025,6,34.5,1,1
-.0095920023,1,13.5,1,1
-.016217997,3,68.5,1,1
-.0055059991,6,20.333334,1,1
-.0074550002,3.75,17.6,1,1
-.010526997,4,25.571428,1,.5
-.017409002,4,33,1,1
-.0015609986,3,14.5,1,1
-.0065879985,3,26,1,1
-.0050579971,3,17,1,1
-.0042079999,,6.5,1,0
-.0020359966,4,36.666668,1,1
-.019167004,2,20.666666,1,1
-.019799003,1.5,17,1,1
-.018938003,3.3333333,24.142857,1,1
-.0024300008,6,32.5,1,1
-.017518999,2,17.25,1,1
-.0043029999,1,27.333334,1,1
-.016208997,5,26.5,1,.5
-.0084420014,2,21,1,1
-.013495994,1,14.333333,1,1
-.015574996,6,32,1,1
-.014176003,4,37.400002,1,1
-.014475998,5,35.75,1,.5
-.012695997,5.5,35.666668,1,1
-.017555004,4,13.5,1,1
-.014089001,4,16.333334,1,1
-.0087829949,3,27,1,1
-.018148003,3.5,41.75,1,1
-.0065200008,4.5,13.571428,1,1
-.001574001,2.5,43.333332,1,.5
-.014728007,2,19.333334,1,1
-.019589005,3,25.333334,1,.5
-.013305,5,44.25,1,1
-.0095189977,4.5,22,1,.5
-.01167,6,8.75,1,1
-.0029429994,3.5,26.333334,1,0
-.0072730007,3.6666667,45,1,1
-.019407002,3.6666667,22,1,1
-.0042619975,2.5,33,1,1
-.013781003,6,16.444445,1,.5
-.0021240017,6,26,1,1
-.019907003,2,12,1,1
-.015004,3,34.5,1,1
-.0012999985,4,23,1,1
-.0073089991,5,24.142857,1,1
-.00052999874,5,14,1,1
-.0050669997,2,40.333332,1,0
-.015546998,6,11,1,1
-.0062600016,4,59,1,0
-.012839003,5,14.75,1,1
-.015574996,6,23.333334,1,1
-.002217001,4.5,20.25,1,1
-.0010309941,5,22.666666,1,1
-.011591,2,17.25,1,.5
-.0069100009,3.5,16.25,1,1
-.011245003,4,28.5,1,1
-.0057059987,5,13,1,1
-.0012530002,3,16,1,0
-.0015740073,2,10,1,1
-.013410004,2,22.666666,1,.5
-.0089040017,6,17.666666,1,1
-.001847995,2,14.666667,1,1
-.016217997,3,60,1,1
-.017052,3.5,28.333334,1,.5
-.0078189988,3,11,1,1
-.0024300008,2,36.5,1,1
-.010305,5,31.5,1,1
-.015071003,4.5,15.5,1,1
-.016619002,3,18.714285,1,.5
-.014616002,3,13,1,1
-.018524004,2.5,39,1,.5
-.0014950014,4,31,1,.5
-.008421001,6,13.333333,1,0
-.0045189979,6,25,1,0
-.016302003,6,41,1,1
-.01454,1,34,1,1
-.0021240017,6,27,1,1
-.014599002,4,26.666666,1,.5
-.018242,6,15.5,1,1
-.0012999985,3,16.333334,1,1
-.0065500005,5,64,1,1
-.017181007,4.3333335,34.666668,1,1
-.012569999,6,7.6666665,1,1
-.015807999,6,18.200001,1,.5
-.015490001,3,20,1,.5
-.012483003,3.5,15.2,1,.5
-.015908999,6,12.5,1,1
-.0070689963,5,30.5,1,1
-.010563997,3.5,24.142857,1,1
-.010937003,3,37,1,0
-.010521,4,28.333334,1,.5
-.018242,6,14,1,1
-.013305,3.5,21.5,1,0
-.011590002,4,60,1,1
-.018291002,1,18,1,1
-.018881997,4.5,39.666668,1,1
-.0030799971,4,16.333334,1,.5
-.018087002,2.5,28.25,1,.5
-.017332999,4.25,32.166668,1,1
-.0024300008,6,52,1,1
-.019403001,2.6666667,24,1,1
-.003431997,4.3333335,25.25,1,1
-.0099569988,3,32,1,.5
-.0057879975,5.5,29,1,1
-.017212002,4.6666665,20.799999,1,1
-.014013002,3,13.5,1,1
-.0054809987,4.5,28.25,1,1
-.010722997,6,19.75,1,.5
-.017475998,2,36,1,1
-.019846996,,51,1,1
-.016217997,3,30,1,1
-.0027660031,6,27,1,1
-.016086003,4,34.5,1,1
-.0082019987,3,11,1,1
-.0028029995,1.5,24.833334,1,.5
-.0045200004,2.6666667,20.200001,1,.5
-.017856,6,33.75,1,1
-.0021060011,6,21.428572,1,1
-.0062980028,6,25,1,1
-.015546998,6,14.5,1,1
-.0057629994,4.3333335,18.111111,1,1
-.013337998,3.3333333,42,1,1
-.013937003,4,36,1,1
-.0065500005,5,26,1,1
-.013808004,6,19.666666,1,1
-.013842,2,29.6,1,1
-.0050609978,3,35,1,1
-.018167002,5.5,33,1,1
-.0034039964,0,22,1,.5
-.0092319977,4.5,19.571428,1,.5
-.011555,4.5,39.333332,1,1
-.018242,6,17,1,0
-.016772998,5,12.25,1,.5
-.0014560013,4.75,20,1,1
-.0050669997,4,19.666666,1,1
-.0031149997,4,30.666666,1,1
-.016855,3.3333333,35.333332,1,1
-.0070899967,3.5,42,1,1
-.016921004,3.5,35.25,1,1
-.014220001,2,29.5,1,.5
-.011024003,0,16,1,1
-.0080059962,1.5,34.75,1,1
-.013218997,5,23.333334,1,1
-.015096,4.5,33.5,1,1
-.015546998,6,13.5,1,1
-.0075559979,1,69,1,1
-.015096,4.5,26,1,.5
-.015027999,2.6666667,31.25,1,1
-.0012679968,6,10.142858,1,1
-.015939003,6,20.5,1,1
-.0015739996,5.5,22.5,1,1
-.0051310034,2,17.200001,1,1
-.012582002,4.5,17.25,1,1
-.014728999,6,26.75,1,1
-.0051100007,3.75,30.799999,1,.5
-.017775001,6,19.666666,1,.5
-.0024300008,2,24,1,1
-.019337004,5,15.5,1,1
-.005589006,1.6666666,29.6,1,.5
-.015385001,6,21,1,1
-.011828003,5.5,32.5,1,0
-.011590002,6,32.5,1,1
-.0078649987,4.5,26,1,1
-.0035600006,,61,1,0
-.015891997,2,63,1,1
-.016708998,1.5,17.25,1,1
-.0018499992,5,42,1,1
-.012747002,6,23,1,1
-.0018499992,5,60,1,.5
-.010484,4,15,1,1
-.019990994,6,13.666667,1,1
-.0055810004,5,19,1,1
-.015546998,6,15.5,1,1
-.0023680006,6,20.25,1,1
-.012304002,4,22.666666,1,.5
-.014087004,6,12,1,.5
-.014599002,6,40,1,1
-.014325997,,70,1,1
-.007007,3,39.25,1,.5
-.014991996,3,11.666667,1,1
-.016329,6.5,21.5,1,1
-.0025150008,2,23.833334,1,1
-.0040930035,2.5,71,1,1
-.015716,5,14.8,1,1
-.016156999,5,17.6,1,1
-.0021590008,5,22.666666,1,1
-.010937003,3,52,1,1
-.0068010068,2,30.666666,1,0
-.013785004,4,19.666666,1,0
-.015918,3.5,35.5,1,.5
-.0068749986,2,64,1,.5
-.0049159951,2.5,20,1,1
-.0033659986,2.25,44,1,1
-.0050559989,6,13,1,1
-.014616002,3,14.333333,1,1
-.0037079989,4,37.75,1,.5
-.019846996,,23,1,1
-.0116,5,44.333332,1,1
-.014076998,1,22.142857,1,1
-.014880997,4.3333335,19.833334,1,1
-.013145995,3.6666667,34.333332,1,1
-.011687,5,34,1,1
-.0055200001,3,20.5,1,1
-.010545,3,36,1,1
-.0024300008,6,14,1,1
-.0027469981,3,43,1,0
-.014584002,6,24,1,0
-.014337,3.3333333,28,1,1
-.010955004,5.25,35.75,1,0
-.0030440069,4.5,18.666666,1,.5
-.012371002,4.5,24.5,1,.5
-.016302003,6,49,1,.5
-.015879,5,15.875,1,1
-.0012100018,5,36.5,1,0
-.015130004,6,15.5,1,1
-.0018109991,4,28,1,1
-.013903997,2,16.4,1,1
-.0073820027,2,23.75,1,1
-.0083890026,4,11.666667,1,.5
-.012839003,5,15.25,1,1
-.0024300008,6,19,1,1
-.0043250015,4,35,1,1
-.018646,2,43.666668,1,1
-.017810998,4,23.666666,1,1
-.0052160015,6,20,1,1
-.015546998,6,12.5,1,1
-.0011359991,2.3333333,25.666666,1,1
-.018093003,6,11.5,1,1
-.016908003,5,21.4,1,1
-.019396996,2.3333333,26,1,1
-.0087869968,3,17,1,1
-.013851004,3.5,18.833334,1,1
-.0083200019,2,12,1,.5
-.013625001,4.5,19.5,1,1
-.0022129989,,29.5,1,1
-.019292003,6,29,1,1
-.018672002,4,9.5,1,.5
-.00997,6,26,1,.5
-.014935001,4.5,14.666667,1,.5
-.015236002,6,21.6,1,1
-.019475004,2,24.75,1,1
-.0082549993,2,15.666667,1,1
-.00042699766,2,37.333332,1,1
-.0013280003,6,19.5,1,1
-.0036310006,4,21.75,1,1
-.012582002,4,17.375,1,1
-.0099569978,3,9.25,1,1
-.0021240017,6,22,1,1
-.016582003,6,52.5,1,1
-.0035490072,6,18.25,1,1
-.014848,6,26,1,1
-.016179001,3.5,23.200001,1,1
-.001953,5,26.5,1,1
-.0018499992,5,53,1,1
-.013785004,1,21.333334,1,1
-.0054590008,4.3333335,40,1,1
-.0083629983,2.6666667,15.857142,1,1
-.010287,2,62.5,1,1
-.019271998,4.5,26,1,1
-.014298004,3.3333333,15.428572,1,1
-.0018499992,5,24,1,1
-.0094939964,4.5,15.75,1,1
-.013543999,4,29.333334,1,1
-.014021004,2,33,1,1
-.012334997,6,23.666666,1,.5
-.013732999,4,24,1,1
-.00095499819,6,26,1,1
-.015932998,5,15.666667,1,1
-.013327998,4,37.333332,1,1
-.0093060005,6,18,1,1
-.0036939995,3.25,22.5,1,1
-.019716999,4,23.666666,1,1
-.012803,6,20,1,1
-.0026790029,4.5,20.75,1,1
-.018650001,4,22,1,1
-.0099939983,6,19.666666,1,.5
-.0095100012,2.5,35.75,1,1
-.013763,6,14.333333,1,1
-.017610004,6,19.5,1,1
-.010781998,2,18.666666,1,0
-.0066749966,4.75,19,1,1
-.0067160027,3.25,28.111111,1,1
-.013842998,4,44,1,0
-.012402994,3,14.142858,1,1
-.019337004,5,11,1,.5
-.013947002,3.4000001,23.111111,1,1
-.0018499992,5,44,1,.5
-.0046550008,3,38,1,1
-.0018499992,5,41,1,1
-.010098001,4,36.5,1,.5
-.0063939961,2,23,1,1
-.0097049987,6,9,1,1
-.019383004,3,7.6666665,1,1
-.015574996,6,16.333334,1,1
-.0052560037,6,21.5,1,1
-.016313998,3.5,21,1,1
-.012647001,2,33.25,1,.5
-.0020359966,3.5,22.666666,1,1
-.0062600016,4,57,1,1
-.018697998,3,37.5,1,1
-.013154997,1,72,1,1
-.010976999,5,9.5,1,1
-.0085710008,5.5,22,1,1
-.019802002,2,17.5,1,1
-.017528998,4,29,1,1
-.0080789989,2,15,1,1
-.016217997,5,30,1,1
-.0095790019,2.5,13,1,.5
-.017700998,6,19,1,1
-.0018499992,5,41,1,.5
-.011413005,4,20,1,.5
-.011590002,6,30.5,1,1
-.017415999,3.5,28.333334,1,.5
-.017661003,2,23.5,1,1
-.0015739996,5.5,37.5,1,1
-.0038300024,3.5,18.333334,1,0
-.0063970033,2,27.666666,1,1
-.0065500005,5,52,1,1
-.0054149972,4.5,38.666668,1,1
-.010981997,4,39,1,1
-.018352,3,14.666667,1,.5
-.0094149997,4.5,31,1,.5
-.010423002,5,28,1,1
-.0092720035,5,26,1,1
-.0015819983,6,12,1,1
-.0086439978,3,17.333334,1,.5
-.011828003,1,19,1,.5
-.011245003,4,37.5,1,1
-.0054180017,6,21,1,1
-.0040430026,5,22.333334,1,1
-.014869997,3,18.666666,1,1
-.015385001,6,27,1,1
-.016391,3,16,1,1
-.0069280015,4,19.75,1,1
-.012489004,3.5,31.666666,1,.5
-.018377004,1.5,23.25,1,.5
-.0018900014,3,19.5,1,1
-.0012450011,3,24.333334,1,1
-.014342001,6,33.75,1,.5
-.0065040006,6,27.333334,1,0
-.012234,3.5,29,1,1
-.0063430015,5,31,1,1
-.0021240017,6,44,1,1
-.0066929972,4,31.25,1,1
-.011024003,3.5,15.666667,1,.5
-.0080980035,2.5,24.833334,1,1
-.013092003,4.5,38,1,.5
-.0096909991,6,33.5,1,1
-.0075269984,4.5,44.666668,1,.5
-.0015739996,5.5,55,1,1
-.019554002,3.6666667,28.200001,1,1
-.018524004,5.5,59,1,1
-.012371002,3.5,21.5,1,1
-.011693996,3.5,15.5,1,1
-.0053289956,5,24,1,1
-.013695998,1,29,1,1
-.0096729975,3,19.666666,1,1
-.016298002,3.5,22,1,.5
-.0057669999,3.5,51.333332,1,0
-.015130004,6,61,1,.5
-.016299998,2,18.25,1,1
-.010484,4,17.75,1,.5
-.018008998,6,18,1,1
-.0031230017,2.5,19.200001,1,1
-.018205998,6,18.333334,1,.5
-.0038670017,2,19,1,.5
-.015333003,6,14,1,1
-.016217997,5,35.5,1,1
-.017210996,6,21.75,1,.5
-.015891997,4,16.333334,1,1
-.0062600016,4,56,1,1
-.0093060005,6,28.5,1,1
-.010113,6,20.75,1,1
-.0077820038,4.5,25.666666,1,1
-.0067490032,2.5,20,1,.5
-.011245003,6,28.5,1,.5
-.0032599992,6,21.666666,1,1
-.0073840013,5,26.666666,1,1
-.015268994,3.75,27.142857,1,1
-.010265998,5,33.333332,1,.5
-.0043620011,2.5,21,1,1
-.015707998,4,17,1,.5
-.0089069968,2,43.5,1,1
-.018003998,4.6666665,29.799999,1,1
-.010545,4.5,36.333332,1,1
-.0021240017,6,25,1,1
-.010131997,4,15.75,1,1
-.011774003,6,30.200001,1,.5
-.019856004,5,35.666668,1,1
-.010350002,4,14,1,1
-.0012999985,6,26.333334,1,.5
-.013888998,3,31.5,1,0
-.0036599983,5,11,1,1
-.0062600016,4,50,1,1
-.0057899971,5.5,61,1,1
-.01183,3,20,1,1
-.0087060006,2.6666667,31.333334,1,1
-.0047390005,6,19.333334,1,1
-.016217997,3,31,1,1
-.0099569988,4,23,1,1
-.016582003,5,27.5,1,1
-.0081779929,6,17.4,1,1
-.0064740004,3.5,25.25,1,1
-.0038450002,2,26,1,1
-.010098001,3,39,1,1
-.0084309997,3.5,37.333332,1,.5
-.003814993,3.5,19.333334,1,1
-.0046909987,6,19.5,1,1
-.017194001,6,20.25,1,1
-.018448999,4,30,1,1
-.004366999,5,20,1,1
-.0040900009,4,22,1,.5
-.0071940022,2.5,18.6,1,0
-.013115002,3.25,18.444445,1,1
-.0018499992,5,32,1,1
-.017377002,3,18.25,1,.5
-.019413998,5.25,22.571428,1,1
-.0091269976,3.5,10.285714,1,1
-.0012169976,2.6666667,17.6,1,1
-.011778997,4,45,1,.5
-.013157001,5,18,1,1
-.010976999,5,15,1,1
-.012699,6,21.333334,1,1
-.0021240017,6,23,1,1
-.018585002,3.5,36.714287,1,1
-.015214002,3,17.5,1,1
-.014616002,3,22,1,1
-.00026000035,5,13,1,0
-.010305,5,23,1,1
-.0059119975,4,32.400002,1,1
-.017442001,3.5,33,1,1
-.019846996,,41,1,1
-.0081590032,4,26.666666,1,1
-.0040419986,3.6666667,49.666668,1,1
-.0034039964,6,31,1,1
-.0018650009,3,23.5,1,1
-.018884001,5.5,44,1,1
-.013498998,4,37.333332,1,1
-.0059519983,2,10.5,1,1
-.0049829977,6,23,1,1
-.018175999,2,14.333333,1,1
-.0005499993,,22.5,1,1
-.0024970002,3.3333333,37.5,1,1
-.014852999,4.5,29.6,1,1
-.0012100018,1.5,41.5,1,1
-.0048340028,3,18.5,1,1
-.0027469981,6,30,1,1
-.015891997,2,64,1,.5
-.00086700061,5.5,39.25,1,1
-.011024003,6,14.333333,1,1
-.018670997,3,18.75,1,1
-.0060450002,3,27,1,1
-.019667996,6,28.333334,1,1
-.0065700011,2.5,16.75,1,1
-.0013029999,5.5,28,1,.5
-.019435002,6,20.6,1,1
-.014627998,4.6666665,24,1,1
-.015858,3,23.166666,1,0
-.018008998,6,24.333334,1,1
-.017221002,6,13.375,1,.5
-.019337004,5,11.5,1,.5
-.0076719983,4,38.333332,1,1
-.017514,3,50,1,0
-.010943,3.5,23.666666,1,0
-.016340999,5,12,1,1
-.0099570025,4,23,1,1
-.0053130067,4.6666665,25.799999,1,1
-.010976999,2,12.5,1,1
-.0018679996,4.5,16.200001,1,1
-.0076949988,4.3333335,31.5,1,.5
-.0082539981,3,9,1,1
-.011061003,3.75,21.222221,1,.5
-.011288998,6,12,1,1
-.0024970013,4.5,29.333334,1,.5
-.016547998,2.6666667,29.799999,1,1
-.0030329986,2,32,1,0
-.016914001,4.6666665,20.200001,1,1
-.018291002,2.5,14.666667,1,0
-.010407996,4.6666665,44.666668,1,1
-.010476005,6,37.333332,1,1
-.014357997,4,19,1,1
-.019846996,6,29,1,1
-.010760998,3,44.599998,1,1
-.016302003,2,31.5,1,1
-.0047390005,4,36,1,.5
-.012625999,3,30.5,1,1
-.011058002,4,24.666666,1,.5
-.017180001,6,24.571428,1,1
-.015908999,6,22.5,1,.5
-.012747003,5,35.200001,1,1
-.014471,4.25,38.599998,1,1
-.019365994,6,17,1,1
-.0034620005,4.6666665,40.333332,1,.5
-.011590002,6,32.5,1,1
-.015574996,6,25.666666,1,1
-.0069029974,2,27,1,1
-.016224002,3.5,17,1,.5
-.0083060022,4.5,12.4,1,1
-.016154004,3.5,25,1,1
-.0094829965,2,13.5,1,.5
-.0060249991,6,26,1,1
-.014087004,6,17,1,1
-.0095920023,4,12,1,1
-.0038770004,6,16.571428,1,1
-.015592,3,19.666666,1,.5
-.015891997,2,63,1,1
-.0067270002,2.5,48.5,1,1
-.011542002,4,18.333334,1,.5
-.0053049987,6,21.333334,1,1
-.0053350008,5,18,1,.5
-.010645998,2,14.2,1,1
-.002580998,4,19,1,1
-.0047390005,6,32,1,1
-.017453996,3,16,1,1
-.0022129989,,35.5,1,1
-.012292993,.66666669,21.799999,1,1
-.013882001,3.6666667,25.666666,1,1
-.014087004,6,12,1,0
-.0027469981,6,14.5,1,.5
-.018820999,6,23.200001,1,1
-.0091669979,1,22.333334,1,1
-.0007570064,3,42.5,1,1
-.0083200028,1,11.666667,1,1
-.0083700037,3,73,1,1
-.012839003,6,30,1,1
-.0049379962,2,19,1,1
-.0011609993,6,29.666666,1,.5
-.0051889988,5.5,13.5,1,1
-.0020359966,6,19,1,1
-.0054239994,5,20.200001,1,.5
-.0083129993,2,15.888889,1,1
-.016208997,5,32.5,1,1
-.011574998,6,22.333334,1,.5
-.0045500002,2,30.5,1,1
-.0054559982,1,52,1,.5
-.013509003,4,17,1,1
-.0012999985,3,20,1,.5
-.013865999,4.5,32.333332,1,1
-.0036219931,6,15.666667,1,1
-.010976997,1,13,1,1
-.010048999,6,16,1,.5
-.013695998,3.5,52,1,.5
-.0018650009,3,11,1,.5
-.018829999,6,13.5,1,1
-.0062600016,4,63,1,1
-.015684998,3,15,1,1
-.0030469985,1,23.333334,1,.5
-.013498998,6,22,1,1
-.019845,6,9,1,.5
-.010272001,3,14,1,1
-.0043029999,2.5,30.333334,1,1
-.019514998,3,29,1,1
-.0078110001,6,13.166667,1,1
-.016217997,3,27,1,1
-.0012999985,4,22.666666,1,1
-.012475003,4,13.857142,1,1
-.014853997,4.5,40,1,.5
-.016064001,4,18.799999,1,1
-.012970998,1,26.5,1,1
-.0041149976,5,37,1,0
-.00074500334,2,13,1,1
-.012799001,6,27,1,.5
-.0065500005,5,43.5,1,1
-.0024609989,4,14.857142,1,1
-.015004001,3.5,19.833334,1,.5
-.0012100018,4.5,33.5,1,.5
-.014234001,5.5,16.333334,1,.5
-.017543001,2.6666667,20.5,1,.5
-.0041659987,6,24.75,1,1
-.0035600006,,62,1,.5
-.0084849987,3,28.333334,1,1
-.012266998,,12,1,1
-.019846996,,70,1,1
-.001238001,6,25.166666,1,1
-.0022619939,6,17,1,1
-.0077569997,4,17.6,1,1
-.0057879975,2.5,37.5,1,.5
-.017745001,2,26.5,1,1
-.014599002,6,18.666666,1,1
-.014201998,5,25.666666,1,1
-.018811001,2.5,55.5,1,1
-.010952002,2.5,22.333334,1,1
-.005398998,3,26.333334,1,1
-.017538002,4,29,1,1
-.015574996,6,23.333334,1,1
-.0082540037,6,20.916666,1,0
-.011527,1.5,28.25,1,1
-.0021240017,6,56,1,.5
-.014342001,6,14.5,1,1
-.0021240017,6,24.5,1,.5
-.0018089986,3.3333333,26.75,1,1
-.019514998,4,20.5,1,1
-.0035510003,6,16.833334,1,1
-.0035210003,3.3333333,47,1,1
-.011590002,6,27.5,1,1
-.017409002,2.5,39,1,1
-.010217002,3,33,1,1
-.015319004,2.5,31.6,1,.5
-.015936999,4,19.285715,1,1
-.0027469981,6,28.5,1,1
-.0083330022,6,15,1,1
-.018650001,6,41.333332,1,.5
-.006066001,3,62,1,1
-.0029470001,5,14,1,1
-.0070089987,3.6666667,31.666666,1,1
-.0096909991,6,30,1,1
-.0033629998,5.5,32.5,1,.5
-.015071004,5,39,1,.5
-.014466999,3,11.5,1,1
-.0090429988,4,40.200001,1,1
-.015549997,3,11,1,.5
-.0058120019,3,24,1,1
-.0079770032,5,55,1,1
-.0076719983,6,40.333332,1,.5
-.017794004,5,15.333333,1,1
-.012777998,6,13.75,1,1
-.0032709963,3.5,20,1,1
-.0035600006,,63,1,1
-.012839003,5,14.75,1,1
-.014411999,2.5,40.799999,1,.5
-.018343998,6,22,1,1
-.015891997,2,45,1,1
-.012106,4.5,51,1,1
-.0049829977,6,20,1,1
-.018242,6,12.5,1,1
-.0048789992,3,20,1,1
-.0088630002,4.5,55,1,0
-.010062997,4.5,31.5,1,1
-.014201998,5,24.666666,1,1
-.017606003,6,11.333333,1,.5
-.015385001,6,33,1,1
-.0016169969,3.5,27.333334,1,1
-.0053260005,3,36.5,1,.5
-.017796999,1.5,24.4,1,1
-.0035600006,,53,1,.5
-.015130004,6,34.5,1,1
-.007684005,5,51.333332,1,1
-.015527,3.5,48,1,1
-.010168999,4.25,41.400002,1,1
-.012840002,6,12,1,1
-.012444003,3,20,1,1
-.011435001,4,33,1,1
-.0043040006,2.5,43.5,1,.5
-.0073840013,6,16.333334,1,.5
-.015939003,2,18,1,.5
-.016922003,4.5,28,1,1
-.0051420005,5.5,31.666666,1,1
-.013895003,3,15,1,1
-.0055309972,4,26,1,1
-.019271998,4,28,1,1
-.015891997,2,38,1,1
-.013933002,4,15.75,1,1
-.012638001,3.5,53,1,.5
-.017558997,4,14.5,1,1
-.019716999,4,25,1,0
-.013342,4.5,30.25,1,.5
-.0044810004,2,14.333333,1,1
-.0096769985,3.3333333,37.75,1,1
-.0063950019,6,16,1,0
-.0068749986,1,29.5,1,1
-.0063699996,2,22.5,1,1
-.0059119975,4,32.400002,1,1
-.018017998,6,50.333332,1,1
-.0063230074,5,26.200001,1,1
-.010333998,2,14.25,1,.5
-.0052349987,4.5,21.333334,1,.5
-.0050579971,1.5,23.333334,1,1
-.018504007,6,9.666667,1,1
-.017193003,3.5,40.333332,1,1
-.0042709997,3,38.75,1,1
-.0046839989,4.5,24,1,1
-.014599002,3,27.333334,1,0
-.016359998,5,36.5,1,1
-.0091409953,4,27.333334,1,0
-.0049829977,6,33.333332,1,1
-.012546,3.5,30.25,1,1
-.0016040034,2,15.333333,1,1
-.018189995,6,30.25,1,1
-.013154997,1,62,1,1
-.0049379962,5,25,1,.5
-.015615999,5.5,10.714286,1,1
-.0073840013,6,22.666666,1,0
-.016437,2.5,17,1,1
-.0097910035,6,52,1,1
-.012010005,6,11.333333,1,.5
-.0031110037,2,20.75,1,1
-.011414001,4,16.333334,1,1
-.018571002,4.5,23.166666,1,1
-.0066549974,3,16.333334,1,0
-.0056669987,1,21,1,.5
-.0049419976,4,25.200001,1,1
-.0066100033,2,12,1,1
-.0093239984,4.75,21.166666,1,1
-.012668003,4,40.5,1,1
-.014728999,6,18.5,1,1
-.014560995,1.5,16.714285,1,1
-.001130997,4,18,1,1
-.018616004,2.6666667,24.75,1,1
-.017803004,1.5,26.200001,1,.5
-.015891997,2,69,1,1
-.0035600006,,70,1,1
-.0090010008,4.5,14.25,1,1
-.014726004,4.5,20.75,1,1
-.0083830031,2,24.666666,1,.5
-.013389003,4,14,1,1
-.013822003,6,18,1,.5
-.0030699945,6,12.5,1,1
-.0065500005,5,56.5,1,.5
-.0038330008,4,25,1,1
-.0084249992,4,46.666668,1,1
-.004513002,3.5,63,1,1
-.0011999996,6,32,1,1
-.015130004,2,30,1,1
-.019603996,3,21.333334,1,1
-.015974997,,34.5,1,1
-.0038580014,3.5,30.6,1,.5
-.0053230016,6,28.75,1,1
-.008587,6,16.799999,1,1
-.011485999,2.6666667,29.75,1,1
-.0015739996,1,51,1,1
-.0080900015,1,11.333333,1,1
-.0045630015,6,24,1,1
-.012469997,3,29.6,1,1
-.012569,2,28.333334,1,1
-.0080490019,0,14.5,1,1
-.011210001,5.5,22.5,1,1
-.013230999,4,15.428572,1,1
-.0045189979,6,29.333334,1,1
-.0083990004,3.6666667,39,1,1
-.018242,6,12.5,1,0
-.015891997,2,49,1,1
-.00091300049,2,45.75,1,1
-.0025790024,4,34,1,.5
-.017277,4.5,25.5,1,1
-.016224002,5,13,1,1
-.0018499992,5,60,1,1
-.011590002,6,28.5,1,1
-.016109003,5,31.75,1,1
-.013785004,1,34.666668,1,1
-.019463001,2,18,1,1
-.011437994,5,27,1,1
-.019494003,5,28.25,1,.5
-.0039390004,4,28.799999,1,.5
-.013987003,6,15.75,1,1
-.0082260016,5,54,1,1
-.019785,4.5,22.375,1,.5
-.0096909991,6,30.5,1,1
-.0075830012,3.3333333,34.25,1,1
-.017778998,3,12.75,1,1
-.013488999,2,27.333334,1,1
-.012106,4.5,37,1,1
-.010158999,5,25.857143,1,1
-.0086680036,3,26,1,1
-.0036400023,6,14.833333,1,1
